Customer ID#,Account No.,Balance,Type,Currency
ID1,BOS963211,962510,SAVINGS,USD
ID2,BOS85992,989898,CURRENT,AUD
ID3,BOS656613,595290,CURRENT,USD
ID4,BOS14824,772578,SAVINGS,INR
ID5,BOS657505,95538,SAVINGS,CAD
ID6,BOS66196,961629,CURRENT,SGD
ID7,BOS401497,873783,CURRENT,CHF
ID8,BOS928728,887322,CURRENT,GBP
ID9,BOS296569,293795,SAVINGS,HKD
ID10,BOS4763010,136845,CURRENT,EUR
ID11,BOS673811,164231,SAVINGS,INR
ID12,BOS4824812,728255,CURRENT,INR
ID13,BOS627413,652228,SAVINGS,EUR
ID14,BOS2320614,15614,SAVINGS,SGD
ID15,BOS3343815,974080,SAVINGS,SEK
ID16,BOS6687816,861228,SAVINGS,HKD
ID17,BOS8763417,647402,CURRENT,EUR
ID18,BOS27018,728214,CURRENT,SEK
ID19,BOS1793019,513073,CURRENT,USD
ID20,BOS4858520,529897,SAVINGS,AUD
ID21,BOS7780921,740159,CURRENT,SGD
ID22,BOS9222022,111290,CURRENT,SEK
ID23,BOS2996223,568676,SAVINGS,AUD
ID24,BOS7305924,506455,CURRENT,INR
ID25,BOS5970425,844120,CURRENT,CAD
ID26,BOS4615426,352920,SAVINGS,EUR
ID27,BOS412527,620577,SAVINGS,USD
ID28,BOS4478228,524550,CURRENT,SGD
ID29,BOS3351029,678598,CURRENT,EUR
ID30,BOS7971730,911246,SAVINGS,CHF
ID31,BOS3980631,824964,CURRENT,SEK
ID32,BOS2411032,732892,CURRENT,CHF
ID33,BOS8745633,390311,CURRENT,CHF
ID34,BOS6735334,25883,SAVINGS,CHF
ID35,BOS6493235,433413,CURRENT,GBP
ID36,BOS952736,832935,CURRENT,USD
ID37,BOS5494037,383775,CURRENT,EUR
ID38,BOS9321638,344560,CURRENT,AUD
ID39,BOS7293539,774925,SAVINGS,HKD
ID40,BOS7065240,910339,SAVINGS,INR
ID41,BOS9590341,356853,CURRENT,INR
ID42,BOS7414742,963824,CURRENT,SEK
ID43,BOS8855943,1652,CURRENT,CHF
ID44,BOS3387844,680976,CURRENT,CHF
ID45,BOS1573545,733067,SAVINGS,HKD
ID46,BOS3620946,928351,SAVINGS,INR
ID47,BOS3467947,953858,SAVINGS,USD
ID48,BOS3229448,38161,SAVINGS,GBP
ID49,BOS3852449,223136,SAVINGS,USD
ID50,BOS7667550,819080,CURRENT,INR
ID51,BOS1068951,736497,CURRENT,CHF
ID52,BOS5932652,575596,CURRENT,CHF
ID53,BOS2092753,283156,SAVINGS,CHF
ID54,BOS3101454,542943,SAVINGS,INR
ID55,BOS4030755,654443,CURRENT,EUR
ID56,BOS9966256,652044,CURRENT,USD
ID57,BOS372757,840903,SAVINGS,CHF
ID58,BOS5473958,254306,CURRENT,SEK
ID59,BOS7591659,230072,SAVINGS,EUR
ID60,BOS9252860,566137,CURRENT,HKD
ID61,BOS9589161,668182,CURRENT,GBP
ID62,BOS9653762,527290,SAVINGS,EUR
ID63,BOS6074463,114028,CURRENT,GBP
ID64,BOS5727364,38579,CURRENT,AUD
ID65,BOS5577665,620937,SAVINGS,SEK
ID66,BOS2168166,969346,SAVINGS,SEK
ID67,BOS1121967,953166,SAVINGS,HKD
ID68,BOS9598568,383032,CURRENT,USD
ID69,BOS6568569,98106,SAVINGS,CHF
ID70,BOS4101770,471567,CURRENT,CHF
ID71,BOS766071,454150,CURRENT,USD
ID72,BOS1694272,167832,CURRENT,CAD
ID73,BOS4861073,308871,CURRENT,SEK
ID74,BOS1740474,566569,SAVINGS,AUD
ID75,BOS366575,590963,SAVINGS,CHF
ID76,BOS7312976,392557,CURRENT,AUD
ID77,BOS8212677,224406,SAVINGS,SGD
ID78,BOS2825878,77926,SAVINGS,AUD
ID79,BOS2644479,66544,CURRENT,CAD
ID80,BOS3683680,259454,SAVINGS,SEK
ID81,BOS5886981,436923,SAVINGS,CAD
ID82,BOS5120682,705837,CURRENT,USD
ID83,BOS2838783,176416,CURRENT,EUR
ID84,BOS2057584,859134,SAVINGS,HKD
ID85,BOS4692285,570995,SAVINGS,CHF
ID86,BOS898986,57873,SAVINGS,INR
ID87,BOS34187,439855,SAVINGS,USD
ID88,BOS1758088,781690,CURRENT,EUR
ID89,BOS2538989,701398,SAVINGS,SEK
ID90,BOS5819290,475905,CURRENT,HKD
ID91,BOS7025091,435318,CURRENT,CAD
ID92,BOS5779792,483501,CURRENT,INR
ID93,BOS5031293,97514,SAVINGS,CAD
ID94,BOS1666694,602511,CURRENT,CHF
ID95,BOS9314895,977146,SAVINGS,USD
ID96,BOS5592196,97535,CURRENT,CHF
ID97,BOS6469597,186367,CURRENT,SEK
ID98,BOS5609898,483688,SAVINGS,EUR
ID99,BOS8059799,208045,CURRENT,SGD
ID100,BOS67328100,947508,CURRENT,AUD
ID101,BOS91091101,111280,CURRENT,EUR
ID102,BOS67488102,638439,SAVINGS,CAD
ID103,BOS59102103,199205,SAVINGS,EUR
ID104,BOS78950104,100751,CURRENT,SEK
ID105,BOS91048105,267612,SAVINGS,CAD
ID106,BOS7938106,790840,CURRENT,EUR
ID107,BOS79108107,896600,SAVINGS,CHF
ID108,BOS49761108,690935,CURRENT,AUD
ID109,BOS29208109,784516,CURRENT,CAD
ID110,BOS48081110,813928,CURRENT,GBP
ID111,BOS43209111,542294,CURRENT,SGD
ID112,BOS38179112,872686,CURRENT,SGD
ID113,BOS69999113,602473,SAVINGS,SEK
ID114,BOS7062114,60340,CURRENT,GBP
ID115,BOS85802115,549782,CURRENT,HKD
ID116,BOS17498116,926472,SAVINGS,SEK
ID117,BOS58790117,451693,SAVINGS,CAD
ID118,BOS49673118,481589,SAVINGS,EUR
ID119,BOS82499119,165483,CURRENT,SEK
ID120,BOS84254120,720390,CURRENT,HKD
ID121,BOS18765121,627798,SAVINGS,AUD
ID122,BOS15072122,570257,SAVINGS,EUR
ID123,BOS98388123,432069,CURRENT,INR
ID124,BOS15823124,296559,SAVINGS,INR
ID125,BOS73471125,122105,CURRENT,SGD
ID126,BOS85109126,117900,SAVINGS,USD
ID127,BOS97946127,532800,SAVINGS,AUD
ID128,BOS12747128,281815,CURRENT,USD
ID129,BOS95621129,647447,CURRENT,SEK
ID130,BOS44250130,936199,SAVINGS,USD
ID131,BOS70718131,807745,CURRENT,HKD
ID132,BOS95743132,252808,SAVINGS,AUD
ID133,BOS69107133,439637,SAVINGS,EUR
ID134,BOS33456134,863233,CURRENT,CHF
ID135,BOS11713135,814686,CURRENT,GBP
ID136,BOS48350136,35722,CURRENT,GBP
ID137,BOS65306137,511,SAVINGS,CAD
ID138,BOS96528138,52355,SAVINGS,GBP
ID139,BOS5176139,490947,SAVINGS,HKD
ID140,BOS3328140,448606,SAVINGS,INR
ID141,BOS10997141,577847,CURRENT,CHF
ID142,BOS6900142,263811,SAVINGS,CHF
ID143,BOS43855143,973531,SAVINGS,GBP
ID144,BOS82290144,455763,SAVINGS,GBP
ID145,BOS84329145,116938,SAVINGS,GBP
ID146,BOS78109146,172454,CURRENT,SGD
ID147,BOS88536147,654591,SAVINGS,SGD
ID148,BOS19408148,935589,SAVINGS,CAD
ID149,BOS74908149,69116,SAVINGS,CHF
ID150,BOS44327150,20269,CURRENT,SGD
ID151,BOS70181151,601405,CURRENT,GBP
ID152,BOS46706152,538319,CURRENT,USD
ID153,BOS65958153,522930,CURRENT,EUR
ID154,BOS53024154,143681,CURRENT,INR
ID155,BOS42391155,662076,CURRENT,INR
ID156,BOS76401156,508435,SAVINGS,AUD
ID157,BOS86469157,722253,CURRENT,SEK
ID158,BOS25722158,596207,SAVINGS,USD
ID159,BOS12889159,820555,CURRENT,INR
ID160,BOS41325160,876489,SAVINGS,CHF
ID161,BOS14780161,311135,SAVINGS,CAD
ID162,BOS36589162,650759,SAVINGS,CHF
ID163,BOS53501163,459107,CURRENT,AUD
ID164,BOS26420164,648758,CURRENT,AUD
ID165,BOS33963165,463775,SAVINGS,EUR
ID166,BOS18613166,676620,CURRENT,AUD
ID167,BOS4555167,255015,CURRENT,USD
ID168,BOS89008168,761757,CURRENT,SEK
ID169,BOS85072169,763272,SAVINGS,GBP
ID170,BOS61794170,727825,SAVINGS,SGD
ID171,BOS31075171,620983,CURRENT,HKD
ID172,BOS46529172,709945,SAVINGS,SEK
ID173,BOS29154173,802099,SAVINGS,SEK
ID174,BOS70184174,236317,SAVINGS,SGD
ID175,BOS59390175,993715,SAVINGS,CAD
ID176,BOS44813176,354286,SAVINGS,INR
ID177,BOS27041177,377750,SAVINGS,HKD
ID178,BOS87955178,262351,CURRENT,SEK
ID179,BOS41778179,921961,SAVINGS,EUR
ID180,BOS85276180,496277,SAVINGS,CAD
ID181,BOS34740181,729766,CURRENT,CHF
ID182,BOS85706182,788541,CURRENT,GBP
ID183,BOS87169183,417297,SAVINGS,AUD
ID184,BOS31839184,705169,CURRENT,SGD
ID185,BOS80994185,982883,SAVINGS,SGD
ID186,BOS70125186,503402,CURRENT,AUD
ID187,BOS6017187,305267,CURRENT,SGD
ID188,BOS50183188,664308,SAVINGS,GBP
ID189,BOS39662189,445937,CURRENT,CAD
ID190,BOS14958190,905895,CURRENT,GBP
ID191,BOS52672191,893850,CURRENT,GBP
ID192,BOS61104192,300357,CURRENT,AUD
ID193,BOS52568193,101907,SAVINGS,HKD
ID194,BOS90359194,730256,CURRENT,INR
ID195,BOS19650195,153679,CURRENT,GBP
ID196,BOS28452196,93089,SAVINGS,INR
ID197,BOS65462197,927520,CURRENT,HKD
ID198,BOS30360198,679878,CURRENT,USD
ID199,BOS55607199,988081,SAVINGS,HKD
ID200,BOS99720200,86628,CURRENT,SEK
ID201,BOS52547201,705536,CURRENT,SEK
ID202,BOS81815202,462329,CURRENT,SEK
ID203,BOS41346203,894272,CURRENT,USD
ID204,BOS22407204,2895,SAVINGS,AUD
ID205,BOS4550205,373619,CURRENT,CAD
ID206,BOS87030206,1239,SAVINGS,SEK
ID207,BOS60843207,771474,SAVINGS,CAD
ID208,BOS34137208,673659,CURRENT,INR
ID209,BOS54276209,310870,CURRENT,HKD
ID210,BOS48800210,204536,SAVINGS,SGD
ID211,BOS76936211,534126,CURRENT,GBP
ID212,BOS97975212,283666,SAVINGS,SEK
ID213,BOS84068213,603835,CURRENT,INR
ID214,BOS31591214,297994,SAVINGS,SEK
ID215,BOS77091215,960702,CURRENT,AUD
ID216,BOS18999216,127033,SAVINGS,HKD
ID217,BOS68497217,718324,CURRENT,GBP
ID218,BOS11829218,732554,SAVINGS,SGD
ID219,BOS63577219,228247,SAVINGS,SEK
ID220,BOS73234220,770235,SAVINGS,SEK
ID221,BOS6319221,287940,SAVINGS,GBP
ID222,BOS84068222,341112,SAVINGS,CAD
ID223,BOS42986223,769189,SAVINGS,HKD
ID224,BOS65523224,640257,CURRENT,CAD
ID225,BOS92833225,295266,CURRENT,HKD
ID226,BOS83870226,378461,CURRENT,AUD
ID227,BOS54959227,586305,CURRENT,SEK
ID228,BOS97846228,816248,CURRENT,EUR
ID229,BOS29722229,449830,CURRENT,EUR
ID230,BOS53203230,169902,SAVINGS,AUD
ID231,BOS65144231,304515,SAVINGS,EUR
ID232,BOS18289232,900679,CURRENT,CAD
ID233,BOS35568233,115128,CURRENT,USD
ID234,BOS79761234,433712,SAVINGS,CAD
ID235,BOS63927235,310386,SAVINGS,INR
ID236,BOS60592236,195274,SAVINGS,USD
ID237,BOS11941237,496964,CURRENT,AUD
ID238,BOS80248238,826797,SAVINGS,EUR
ID239,BOS99301239,455892,CURRENT,AUD
ID240,BOS37803240,8164,CURRENT,HKD
ID241,BOS64447241,230914,CURRENT,CHF
ID242,BOS13606242,571427,SAVINGS,HKD
ID243,BOS8912243,428876,CURRENT,HKD
ID244,BOS96348244,425302,CURRENT,SGD
ID245,BOS86799245,708114,SAVINGS,AUD
ID246,BOS4554246,584040,CURRENT,INR
ID247,BOS11771247,92130,SAVINGS,HKD
ID248,BOS69898248,414578,SAVINGS,HKD
ID249,BOS26905249,869688,CURRENT,SGD
ID250,BOS37922250,720382,CURRENT,CHF
ID251,BOS88300251,634265,SAVINGS,SEK
ID252,BOS39224252,194884,CURRENT,SEK
ID253,BOS33942253,624529,SAVINGS,SEK
ID254,BOS38582254,734608,CURRENT,CHF
ID255,BOS26105255,562313,CURRENT,SEK
ID256,BOS43196256,721409,CURRENT,EUR
ID257,BOS94253257,889686,CURRENT,EUR
ID258,BOS91504258,723603,CURRENT,SEK
ID259,BOS84637259,546105,SAVINGS,HKD
ID260,BOS459260,882803,CURRENT,GBP
ID261,BOS89757261,854820,SAVINGS,CAD
ID262,BOS47297262,778955,SAVINGS,USD
ID263,BOS68705263,535042,SAVINGS,SGD
ID264,BOS35484264,840707,CURRENT,SGD
ID265,BOS79668265,216355,SAVINGS,GBP
ID266,BOS15640266,439046,SAVINGS,SGD
ID267,BOS40988267,905186,CURRENT,AUD
ID268,BOS68372268,357539,CURRENT,SGD
ID269,BOS54055269,783565,CURRENT,CHF
ID270,BOS38310270,405505,SAVINGS,CAD
ID271,BOS35305271,974277,CURRENT,INR
ID272,BOS20312272,17357,SAVINGS,EUR
ID273,BOS54603273,146544,CURRENT,EUR
ID274,BOS99638274,388508,CURRENT,AUD
ID275,BOS58428275,401264,SAVINGS,CAD
ID276,BOS28203276,541791,SAVINGS,USD
ID277,BOS10729277,897220,CURRENT,CHF
ID278,BOS31183278,87921,SAVINGS,CAD
ID279,BOS10700279,44458,SAVINGS,SGD
ID280,BOS15493280,759022,SAVINGS,CHF
ID281,BOS94908281,851412,SAVINGS,INR
ID282,BOS89358282,558723,SAVINGS,USD
ID283,BOS1759283,446942,SAVINGS,SGD
ID284,BOS97137284,510241,SAVINGS,AUD
ID285,BOS61471285,81565,CURRENT,HKD
ID286,BOS86012286,782083,SAVINGS,AUD
ID287,BOS31776287,758473,SAVINGS,AUD
ID288,BOS36679288,154861,CURRENT,GBP
ID289,BOS14439289,467919,SAVINGS,SGD
ID290,BOS83370290,626494,SAVINGS,SGD
ID291,BOS74305291,607156,CURRENT,EUR
ID292,BOS22364292,143946,SAVINGS,GBP
ID293,BOS32389293,372132,CURRENT,EUR
ID294,BOS12044294,962862,CURRENT,EUR
ID295,BOS19771295,821994,SAVINGS,SGD
ID296,BOS15868296,476611,SAVINGS,SGD
ID297,BOS62371297,485909,SAVINGS,SGD
ID298,BOS50591298,988459,SAVINGS,CHF
ID299,BOS87246299,634283,CURRENT,HKD
ID300,BOS86441300,637937,SAVINGS,CHF
ID301,BOS89093301,335692,CURRENT,EUR
ID302,BOS76148302,43362,SAVINGS,CAD
ID303,BOS17120303,282,SAVINGS,EUR
ID304,BOS22944304,184134,CURRENT,GBP
ID305,BOS51749305,950586,SAVINGS,USD
ID306,BOS16094306,50887,CURRENT,CHF
ID307,BOS1591307,901313,SAVINGS,SEK
ID308,BOS73914308,447424,SAVINGS,EUR
ID309,BOS77367309,283975,CURRENT,SEK
ID310,BOS47758310,494456,CURRENT,EUR
ID311,BOS91945311,962740,CURRENT,HKD
ID312,BOS88549312,861245,CURRENT,GBP
ID313,BOS28308313,647925,SAVINGS,HKD
ID314,BOS56732314,696659,CURRENT,SGD
ID315,BOS91172315,723776,SAVINGS,GBP
ID316,BOS7200316,358437,SAVINGS,AUD
ID317,BOS40652317,943366,CURRENT,SGD
ID318,BOS17131318,577439,SAVINGS,SEK
ID319,BOS15441319,923412,CURRENT,SGD
ID320,BOS45558320,922153,CURRENT,AUD
ID321,BOS10530321,192747,CURRENT,AUD
ID322,BOS27825322,809008,CURRENT,SGD
ID323,BOS22037323,981496,SAVINGS,CHF
ID324,BOS98707324,56013,SAVINGS,CAD
ID325,BOS94696325,997428,SAVINGS,AUD
ID326,BOS30222326,375070,SAVINGS,EUR
ID327,BOS16850327,843921,SAVINGS,SEK
ID328,BOS40051328,151231,CURRENT,SGD
ID329,BOS43920329,781688,CURRENT,EUR
ID330,BOS11257330,813437,CURRENT,SGD
ID331,BOS23801331,359498,CURRENT,INR
ID332,BOS79961332,406877,CURRENT,USD
ID333,BOS7317333,632782,SAVINGS,HKD
ID334,BOS56694334,695540,CURRENT,SGD
ID335,BOS59292335,790964,SAVINGS,AUD
ID336,BOS95605336,596375,SAVINGS,INR
ID337,BOS71234337,322683,SAVINGS,SGD
ID338,BOS65044338,146623,SAVINGS,AUD
ID339,BOS3918339,389347,SAVINGS,GBP
ID340,BOS73545340,355864,SAVINGS,HKD
ID341,BOS28216341,716218,SAVINGS,CAD
ID342,BOS16872342,467658,CURRENT,SGD
ID343,BOS21321343,588033,CURRENT,SEK
ID344,BOS41131344,2921,SAVINGS,HKD
ID345,BOS21196345,357974,SAVINGS,AUD
ID346,BOS34026346,291179,CURRENT,GBP
ID347,BOS26675347,616252,CURRENT,GBP
ID348,BOS4813348,94859,CURRENT,CHF
ID349,BOS72521349,699887,CURRENT,SGD
ID350,BOS43379350,976520,SAVINGS,SGD
ID351,BOS44726351,445859,SAVINGS,USD
ID352,BOS90415352,460451,CURRENT,CAD
ID353,BOS39606353,217195,CURRENT,SGD
ID354,BOS31607354,827147,SAVINGS,USD
ID355,BOS8630355,267522,SAVINGS,CAD
ID356,BOS30754356,207780,CURRENT,CHF
ID357,BOS50655357,557178,SAVINGS,SEK
ID358,BOS32939358,888151,SAVINGS,INR
ID359,BOS85974359,451588,CURRENT,HKD
ID360,BOS84214360,688396,CURRENT,SGD
ID361,BOS28390361,369988,CURRENT,SGD
ID362,BOS18266362,118830,SAVINGS,EUR
ID363,BOS22525363,120632,SAVINGS,AUD
ID364,BOS10567364,206132,SAVINGS,CAD
ID365,BOS51279365,71762,CURRENT,HKD
ID366,BOS87508366,209302,SAVINGS,SGD
ID367,BOS26379367,954598,CURRENT,SGD
ID368,BOS61334368,660782,CURRENT,GBP
ID369,BOS28913369,858003,CURRENT,INR
ID370,BOS12569370,654802,SAVINGS,GBP
ID371,BOS76442371,561913,CURRENT,EUR
ID372,BOS33566372,143205,SAVINGS,CHF
ID373,BOS27965373,535515,CURRENT,CHF
ID374,BOS39130374,475940,SAVINGS,USD
ID375,BOS81922375,145657,CURRENT,INR
ID376,BOS93834376,237448,SAVINGS,USD
ID377,BOS58343377,625818,SAVINGS,CHF
ID378,BOS65215378,680194,SAVINGS,AUD
ID379,BOS50747379,3002,SAVINGS,AUD
ID380,BOS37333380,445994,CURRENT,AUD
ID381,BOS81663381,286024,SAVINGS,INR
ID382,BOS91324382,867090,SAVINGS,SGD
ID383,BOS61251383,971203,SAVINGS,CAD
ID384,BOS65404384,503427,CURRENT,EUR
ID385,BOS89549385,62154,SAVINGS,CHF
ID386,BOS36295386,637743,CURRENT,AUD
ID387,BOS61930387,81809,SAVINGS,USD
ID388,BOS99367388,702993,CURRENT,SEK
ID389,BOS85312389,686526,CURRENT,AUD
ID390,BOS18670390,961225,SAVINGS,SEK
ID391,BOS24208391,196567,SAVINGS,CAD
ID392,BOS32254392,774568,CURRENT,EUR
ID393,BOS58310393,707589,CURRENT,CAD
ID394,BOS55381394,735652,CURRENT,EUR
ID395,BOS16961395,601499,SAVINGS,AUD
ID396,BOS97680396,17596,SAVINGS,USD
ID397,BOS41441397,253906,SAVINGS,HKD
ID398,BOS71309398,327082,CURRENT,AUD
ID399,BOS35180399,944139,SAVINGS,SGD
ID400,BOS65487400,259944,SAVINGS,GBP
ID401,BOS59753401,439606,SAVINGS,CAD
ID402,BOS80845402,920741,CURRENT,EUR
ID403,BOS69394403,288095,CURRENT,SEK
ID404,BOS88114404,240679,CURRENT,CAD
ID405,BOS17431405,213833,CURRENT,AUD
ID406,BOS89199406,409786,SAVINGS,EUR
ID407,BOS87584407,993607,SAVINGS,CAD
ID408,BOS6684408,869900,SAVINGS,SGD
ID409,BOS39608409,689632,CURRENT,SGD
ID410,BOS86824410,198869,SAVINGS,USD
ID411,BOS82400411,515768,SAVINGS,CAD
ID412,BOS17683412,41866,SAVINGS,AUD
ID413,BOS97433413,976097,SAVINGS,CAD
ID414,BOS98341414,917617,SAVINGS,GBP
ID415,BOS74767415,307186,CURRENT,INR
ID416,BOS95465416,768051,SAVINGS,EUR
ID417,BOS11173417,740904,CURRENT,SEK
ID418,BOS84985418,149704,CURRENT,SGD
ID419,BOS36880419,918133,CURRENT,SEK
ID420,BOS90088420,546744,CURRENT,GBP
ID421,BOS29375421,743449,SAVINGS,EUR
ID422,BOS29508422,962712,SAVINGS,AUD
ID423,BOS50243423,931985,CURRENT,INR
ID424,BOS63174424,663260,CURRENT,EUR
ID425,BOS99428425,369337,CURRENT,EUR
ID426,BOS98304426,4157,SAVINGS,CHF
ID427,BOS94128427,285477,CURRENT,CHF
ID428,BOS34373428,652265,SAVINGS,CHF
ID429,BOS25945429,397156,SAVINGS,SGD
ID430,BOS33255430,643457,CURRENT,SEK
ID431,BOS88449431,617208,SAVINGS,HKD
ID432,BOS78682432,202548,CURRENT,EUR
ID433,BOS59182433,542011,SAVINGS,GBP
ID434,BOS9085434,526525,SAVINGS,USD
ID435,BOS5867435,595019,CURRENT,CAD
ID436,BOS14791436,474691,CURRENT,SEK
ID437,BOS43710437,681074,CURRENT,INR
ID438,BOS19643438,122930,SAVINGS,HKD
ID439,BOS47189439,862997,CURRENT,INR
ID440,BOS82535440,968113,SAVINGS,SEK
ID441,BOS90555441,400214,SAVINGS,GBP
ID442,BOS55690442,756964,CURRENT,EUR
ID443,BOS9889443,785289,CURRENT,CAD
ID444,BOS46250444,421180,SAVINGS,USD
ID445,BOS42502445,580049,CURRENT,USD
ID446,BOS42116446,805524,CURRENT,USD
ID447,BOS23448447,259828,SAVINGS,SGD
ID448,BOS10372448,121964,SAVINGS,CHF
ID449,BOS48178449,627056,SAVINGS,HKD
ID450,BOS4348450,751108,SAVINGS,EUR
ID451,BOS91753451,495942,SAVINGS,CHF
ID452,BOS47107452,794888,CURRENT,GBP
ID453,BOS95355453,455587,SAVINGS,GBP
ID454,BOS58252454,489206,CURRENT,INR
ID455,BOS71094455,711227,SAVINGS,HKD
ID456,BOS28447456,472080,SAVINGS,EUR
ID457,BOS88478457,114763,SAVINGS,SEK
ID458,BOS87326458,626240,SAVINGS,INR
ID459,BOS61629459,490634,CURRENT,SEK
ID460,BOS1860460,616880,CURRENT,CHF
ID461,BOS9257461,370046,CURRENT,EUR
ID462,BOS55844462,885876,SAVINGS,EUR
ID463,BOS85291463,871869,CURRENT,INR
ID464,BOS5535464,697445,SAVINGS,USD
ID465,BOS92676465,210866,CURRENT,HKD
ID466,BOS42943466,444168,SAVINGS,EUR
ID467,BOS98439467,833358,CURRENT,EUR
ID468,BOS48995468,109878,CURRENT,GBP
ID469,BOS63913469,553009,SAVINGS,GBP
ID470,BOS1665470,157404,CURRENT,SGD
ID471,BOS89001471,29768,SAVINGS,SGD
ID472,BOS95816472,662420,CURRENT,USD
ID473,BOS62093473,663823,SAVINGS,HKD
ID474,BOS84953474,828528,SAVINGS,AUD
ID475,BOS12312475,582549,SAVINGS,EUR
ID476,BOS82773476,856553,CURRENT,EUR
ID477,BOS97347477,8298,CURRENT,EUR
ID478,BOS63439478,19941,SAVINGS,INR
ID479,BOS13202479,255045,CURRENT,EUR
ID480,BOS15225480,51340,SAVINGS,CAD
ID481,BOS83996481,576862,CURRENT,USD
ID482,BOS74104482,68759,CURRENT,CHF
ID483,BOS44301483,480186,SAVINGS,GBP
ID484,BOS20609484,916062,CURRENT,EUR
ID485,BOS81752485,183543,SAVINGS,GBP
ID486,BOS47335486,924282,SAVINGS,GBP
ID487,BOS70850487,472883,CURRENT,HKD
ID488,BOS12752488,242108,SAVINGS,CHF
ID489,BOS94704489,363790,CURRENT,EUR
ID490,BOS90015490,834119,CURRENT,CAD
ID491,BOS94023491,194335,CURRENT,CHF
ID492,BOS61512492,363345,SAVINGS,INR
ID493,BOS70989493,459128,CURRENT,CHF
ID494,BOS73956494,338203,SAVINGS,USD
ID495,BOS96968495,410831,SAVINGS,INR
ID496,BOS69835496,863643,SAVINGS,USD
ID497,BOS96271497,650717,SAVINGS,EUR
ID498,BOS63683498,268826,SAVINGS,CAD
ID499,BOS42802499,203222,CURRENT,SGD
ID500,BOS3045500,684134,CURRENT,GBP
ID501,BOS92064501,561124,CURRENT,INR
ID502,BOS53426502,315110,SAVINGS,AUD
ID503,BOS96390503,442512,CURRENT,AUD
ID504,BOS35565504,303479,SAVINGS,INR
ID505,BOS29887505,579571,SAVINGS,AUD
ID506,BOS23880506,987629,SAVINGS,CAD
ID507,BOS90648507,879628,CURRENT,CHF
ID508,BOS47395508,87684,CURRENT,CAD
ID509,BOS50552509,47983,CURRENT,CHF
ID510,BOS57262510,219806,CURRENT,INR
ID511,BOS21785511,524912,SAVINGS,CHF
ID512,BOS98478512,969397,CURRENT,EUR
ID513,BOS62807513,179260,SAVINGS,HKD
ID514,BOS33300514,18967,CURRENT,SEK
ID515,BOS75790515,499475,CURRENT,EUR
ID516,BOS87228516,966503,SAVINGS,GBP
ID517,BOS73701517,567925,SAVINGS,CHF
ID518,BOS76526518,592516,SAVINGS,EUR
ID519,BOS76740519,974755,SAVINGS,HKD
ID520,BOS74848520,583166,SAVINGS,AUD
ID521,BOS45545521,289415,CURRENT,AUD
ID522,BOS12653522,735657,CURRENT,AUD
ID523,BOS78247523,139803,CURRENT,SGD
ID524,BOS14901524,465463,SAVINGS,SEK
ID525,BOS64159525,61176,SAVINGS,CAD
ID526,BOS13027526,306761,SAVINGS,CHF
ID527,BOS47283527,968239,SAVINGS,INR
ID528,BOS2668528,473013,SAVINGS,CHF
ID529,BOS16875529,542752,SAVINGS,INR
ID530,BOS98222530,186800,CURRENT,INR
ID531,BOS43247531,241608,CURRENT,SGD
ID532,BOS718532,971489,CURRENT,SEK
ID533,BOS47721533,661693,SAVINGS,AUD
ID534,BOS15170534,764212,CURRENT,SEK
ID535,BOS60959535,673985,CURRENT,CAD
ID536,BOS14165536,56808,CURRENT,CHF
ID537,BOS2241537,463667,SAVINGS,INR
ID538,BOS96106538,777307,SAVINGS,AUD
ID539,BOS30069539,318548,CURRENT,SGD
ID540,BOS91033540,125402,CURRENT,AUD
ID541,BOS65544541,110852,SAVINGS,SGD
ID542,BOS57516542,392033,SAVINGS,INR
ID543,BOS71063543,483528,SAVINGS,HKD
ID544,BOS22163544,134817,CURRENT,HKD
ID545,BOS43136545,351718,CURRENT,SGD
ID546,BOS32639546,469652,CURRENT,CAD
ID547,BOS84377547,87792,SAVINGS,GBP
ID548,BOS62795548,929815,CURRENT,INR
ID549,BOS5154549,531760,CURRENT,CAD
ID550,BOS6161550,304800,CURRENT,EUR
ID551,BOS65914551,676037,SAVINGS,USD
ID552,BOS85310552,715605,SAVINGS,INR
ID553,BOS97947553,654016,SAVINGS,EUR
ID554,BOS93354554,766873,CURRENT,SEK
ID555,BOS49532555,32215,SAVINGS,GBP
ID556,BOS4010556,189304,SAVINGS,AUD
ID557,BOS76499557,396332,SAVINGS,AUD
ID558,BOS29340558,934472,SAVINGS,GBP
ID559,BOS40565559,947653,CURRENT,USD
ID560,BOS62671560,511168,CURRENT,AUD
ID561,BOS69944561,861484,SAVINGS,SGD
ID562,BOS37784562,581875,SAVINGS,CAD
ID563,BOS58215563,823440,CURRENT,SEK
ID564,BOS24721564,844957,SAVINGS,SGD
ID565,BOS1482565,608756,CURRENT,CAD
ID566,BOS33723566,823786,SAVINGS,SEK
ID567,BOS77802567,916735,SAVINGS,SGD
ID568,BOS6414568,837323,CURRENT,SGD
ID569,BOS9606569,429233,CURRENT,USD
ID570,BOS36785570,978086,CURRENT,AUD
ID571,BOS9587571,202219,CURRENT,AUD
ID572,BOS66999572,964608,SAVINGS,INR
ID573,BOS51196573,796203,CURRENT,EUR
ID574,BOS86238574,46442,CURRENT,GBP
ID575,BOS25793575,728303,CURRENT,AUD
ID576,BOS94856576,996544,SAVINGS,SGD
ID577,BOS24514577,314808,CURRENT,CHF
ID578,BOS70751578,506845,CURRENT,SEK
ID579,BOS60052579,366955,SAVINGS,CAD
ID580,BOS4618580,289077,CURRENT,CAD
ID581,BOS49949581,590486,SAVINGS,AUD
ID582,BOS72785582,262996,SAVINGS,SEK
ID583,BOS56953583,920674,CURRENT,SEK
ID584,BOS81723584,681709,CURRENT,HKD
ID585,BOS71640585,88004,CURRENT,HKD
ID586,BOS40088586,477633,CURRENT,AUD
ID587,BOS85755587,376284,SAVINGS,CAD
ID588,BOS16965588,868657,CURRENT,USD
ID589,BOS90673589,492720,CURRENT,AUD
ID590,BOS38828590,612571,SAVINGS,USD
ID591,BOS95245591,484442,CURRENT,USD
ID592,BOS7911592,467923,SAVINGS,CHF
ID593,BOS38375593,619637,CURRENT,SGD
ID594,BOS8389594,188094,SAVINGS,CAD
ID595,BOS88303595,988966,CURRENT,SGD
ID596,BOS78025596,228324,SAVINGS,SGD
ID597,BOS28771597,676743,SAVINGS,AUD
ID598,BOS6927598,348619,SAVINGS,CHF
ID599,BOS65827599,102863,SAVINGS,AUD
ID600,BOS2153600,357228,CURRENT,CAD
ID601,BOS71657601,540696,SAVINGS,CHF
ID602,BOS86524602,400939,SAVINGS,SEK
ID603,BOS1624603,383743,CURRENT,EUR
ID604,BOS90931604,767314,CURRENT,AUD
ID605,BOS25973605,972066,SAVINGS,CAD
ID606,BOS41257606,595271,SAVINGS,SGD
ID607,BOS36308607,971277,SAVINGS,EUR
ID608,BOS4342608,191258,SAVINGS,CHF
ID609,BOS44164609,406116,SAVINGS,AUD
ID610,BOS31734610,633012,CURRENT,SGD
ID611,BOS38611611,237755,CURRENT,HKD
ID612,BOS60212612,993246,SAVINGS,USD
ID613,BOS18251613,591073,CURRENT,CHF
ID614,BOS13239614,78685,CURRENT,SEK
ID615,BOS38247615,746407,CURRENT,AUD
ID616,BOS56206616,216252,SAVINGS,GBP
ID617,BOS27770617,293196,CURRENT,CAD
ID618,BOS98160618,686267,SAVINGS,GBP
ID619,BOS92825619,715187,CURRENT,USD
ID620,BOS93431620,301931,SAVINGS,AUD
ID621,BOS93735621,592775,CURRENT,CHF
ID622,BOS70999622,634795,SAVINGS,GBP
ID623,BOS65015623,607075,SAVINGS,CAD
ID624,BOS85390624,24019,SAVINGS,HKD
ID625,BOS23803625,771679,SAVINGS,GBP
ID626,BOS33238626,25345,SAVINGS,SEK
ID627,BOS22897627,896726,CURRENT,CAD
ID628,BOS69652628,771444,CURRENT,AUD
ID629,BOS9117629,414595,CURRENT,CHF
ID630,BOS61241630,320312,SAVINGS,GBP
ID631,BOS46517631,477434,CURRENT,GBP
ID632,BOS63846632,659350,CURRENT,AUD
ID633,BOS67982633,75213,SAVINGS,EUR
ID634,BOS67497634,921091,CURRENT,EUR
ID635,BOS98251635,847976,SAVINGS,CAD
ID636,BOS45286636,76370,SAVINGS,GBP
ID637,BOS52614637,617245,SAVINGS,USD
ID638,BOS74320638,368257,CURRENT,CHF
ID639,BOS32404639,645840,CURRENT,SEK
ID640,BOS49425640,50861,CURRENT,SEK
ID641,BOS8892641,59908,SAVINGS,EUR
ID642,BOS37105642,798871,SAVINGS,USD
ID643,BOS33514643,110681,SAVINGS,INR
ID644,BOS8728644,528952,SAVINGS,SGD
ID645,BOS70616645,183863,CURRENT,INR
ID646,BOS57188646,179903,SAVINGS,USD
ID647,BOS62885647,690680,CURRENT,HKD
ID648,BOS88364648,499223,CURRENT,GBP
ID649,BOS29134649,976065,CURRENT,CAD
ID650,BOS6135650,560647,SAVINGS,INR
ID651,BOS1699651,979516,SAVINGS,HKD
ID652,BOS80825652,267376,SAVINGS,AUD
ID653,BOS60002653,836365,CURRENT,CHF
ID654,BOS22182654,435279,SAVINGS,EUR
ID655,BOS64892655,277966,SAVINGS,CHF
ID656,BOS9581656,19040,SAVINGS,INR
ID657,BOS873657,836305,CURRENT,HKD
ID658,BOS10560658,330845,SAVINGS,EUR
ID659,BOS60466659,917582,SAVINGS,CHF
ID660,BOS54482660,762521,CURRENT,CAD
ID661,BOS93337661,726549,CURRENT,USD
ID662,BOS96146662,591305,CURRENT,SEK
ID663,BOS22747663,62644,CURRENT,GBP
ID664,BOS59120664,370733,SAVINGS,SEK
ID665,BOS18152665,677481,SAVINGS,INR
ID666,BOS50785666,564333,CURRENT,HKD
ID667,BOS62558667,982540,SAVINGS,SGD
ID668,BOS37976668,170943,SAVINGS,SGD
ID669,BOS55504669,690611,CURRENT,CHF
ID670,BOS59097670,730529,CURRENT,SEK
ID671,BOS56439671,545743,SAVINGS,INR
ID672,BOS42481672,421733,SAVINGS,HKD
ID673,BOS86586673,984979,SAVINGS,CHF
ID674,BOS43169674,978641,CURRENT,CAD
ID675,BOS15892675,725340,SAVINGS,SGD
ID676,BOS35060676,403206,CURRENT,CHF
ID677,BOS68640677,942859,SAVINGS,SGD
ID678,BOS32079678,245661,CURRENT,SGD
ID679,BOS71642679,363972,SAVINGS,CAD
ID680,BOS2620680,471702,SAVINGS,SGD
ID681,BOS59648681,581351,CURRENT,GBP
ID682,BOS53287682,781271,CURRENT,HKD
ID683,BOS40078683,844414,CURRENT,CAD
ID684,BOS38934684,266722,SAVINGS,CAD
ID685,BOS92012685,19311,CURRENT,HKD
ID686,BOS1904686,230781,SAVINGS,HKD
ID687,BOS29928687,544936,SAVINGS,AUD
ID688,BOS29334688,456405,SAVINGS,CAD
ID689,BOS99928689,230789,CURRENT,AUD
ID690,BOS34330690,496511,CURRENT,INR
ID691,BOS76172691,192464,SAVINGS,CHF
ID692,BOS34958692,215752,CURRENT,INR
ID693,BOS70539693,701184,SAVINGS,CHF
ID694,BOS29138694,187799,SAVINGS,CAD
ID695,BOS89288695,762546,SAVINGS,SEK
ID696,BOS38694696,13387,SAVINGS,AUD
ID697,BOS65582697,753874,CURRENT,SGD
ID698,BOS12652698,289901,SAVINGS,SGD
ID699,BOS33909699,710109,CURRENT,INR
ID700,BOS15649700,283706,SAVINGS,INR
ID701,BOS4037701,796094,SAVINGS,SGD
ID702,BOS37837702,395752,CURRENT,SEK
ID703,BOS94219703,127134,SAVINGS,INR
ID704,BOS79890704,723973,CURRENT,INR
ID705,BOS23182705,101643,CURRENT,CAD
ID706,BOS31120706,477464,CURRENT,SEK
ID707,BOS94797707,415253,CURRENT,CHF
ID708,BOS79185708,276737,SAVINGS,INR
ID709,BOS17608709,115827,SAVINGS,USD
ID710,BOS53806710,455821,SAVINGS,AUD
ID711,BOS88000711,781016,CURRENT,SGD
ID712,BOS33995712,893370,CURRENT,HKD
ID713,BOS24818713,484720,CURRENT,SEK
ID714,BOS86234714,594707,SAVINGS,USD
ID715,BOS7373715,16130,CURRENT,USD
ID716,BOS43887716,566042,CURRENT,SEK
ID717,BOS28018717,296514,SAVINGS,INR
ID718,BOS16032718,327631,SAVINGS,GBP
ID719,BOS46759719,517591,CURRENT,AUD
ID720,BOS18130720,404505,CURRENT,GBP
ID721,BOS90919721,917921,CURRENT,SGD
ID722,BOS73161722,117342,CURRENT,CAD
ID723,BOS27010723,389238,SAVINGS,CHF
ID724,BOS85122724,207901,CURRENT,CAD
ID725,BOS79410725,670858,CURRENT,SGD
ID726,BOS92544726,632880,CURRENT,SEK
ID727,BOS79229727,986444,CURRENT,GBP
ID728,BOS11627728,371705,SAVINGS,HKD
ID729,BOS56765729,953975,CURRENT,INR
ID730,BOS60677730,423822,SAVINGS,USD
ID731,BOS1551731,371834,SAVINGS,SGD
ID732,BOS17675732,986118,SAVINGS,SGD
ID733,BOS1964733,959148,CURRENT,CHF
ID734,BOS10027734,767902,CURRENT,USD
ID735,BOS33382735,64891,SAVINGS,INR
ID736,BOS31169736,188408,SAVINGS,CHF
ID737,BOS75892737,158529,CURRENT,AUD
ID738,BOS94082738,976189,SAVINGS,HKD
ID739,BOS82398739,687125,SAVINGS,USD
ID740,BOS55778740,32946,CURRENT,USD
ID741,BOS15478741,175380,CURRENT,SGD
ID742,BOS44127742,964084,CURRENT,CAD
ID743,BOS84015743,966880,CURRENT,CAD
ID744,BOS603744,897575,CURRENT,SEK
ID745,BOS46954745,480093,SAVINGS,AUD
ID746,BOS10073746,35680,CURRENT,AUD
ID747,BOS47616747,615790,SAVINGS,SEK
ID748,BOS68159748,982379,SAVINGS,HKD
ID749,BOS16019749,494011,CURRENT,CAD
ID750,BOS8254750,201925,CURRENT,EUR
ID751,BOS81997751,574869,CURRENT,INR
ID752,BOS82033752,725407,CURRENT,GBP
ID753,BOS37590753,445084,SAVINGS,HKD
ID754,BOS19333754,493030,CURRENT,EUR
ID755,BOS29043755,846609,SAVINGS,EUR
ID756,BOS56770756,41907,CURRENT,HKD
ID757,BOS45597757,132299,SAVINGS,AUD
ID758,BOS492758,310975,SAVINGS,SGD
ID759,BOS98814759,819354,CURRENT,CHF
ID760,BOS23920760,292061,CURRENT,CHF
ID761,BOS73468761,513435,SAVINGS,INR
ID762,BOS73195762,14953,SAVINGS,HKD
ID763,BOS38444763,706244,SAVINGS,SGD
ID764,BOS45475764,919519,SAVINGS,INR
ID765,BOS33699765,162232,SAVINGS,INR
ID766,BOS23906766,690192,SAVINGS,USD
ID767,BOS51036767,277467,SAVINGS,EUR
ID768,BOS16530768,34558,CURRENT,SEK
ID769,BOS35938769,980780,CURRENT,AUD
ID770,BOS15536770,260990,CURRENT,CAD
ID771,BOS69956771,813587,SAVINGS,AUD
ID772,BOS34075772,670939,CURRENT,SEK
ID773,BOS34225773,940308,CURRENT,EUR
ID774,BOS2632774,990028,SAVINGS,SGD
ID775,BOS51610775,280496,SAVINGS,AUD
ID776,BOS41390776,484293,SAVINGS,USD
ID777,BOS22611777,623278,SAVINGS,INR
ID778,BOS67749778,662299,CURRENT,CHF
ID779,BOS20306779,837471,CURRENT,EUR
ID780,BOS64232780,790932,SAVINGS,INR
ID781,BOS89998781,832062,CURRENT,SEK
ID782,BOS8519782,349918,SAVINGS,USD
ID783,BOS19653783,438501,SAVINGS,AUD
ID784,BOS38514784,21370,CURRENT,CHF
ID785,BOS65174785,161945,SAVINGS,INR
ID786,BOS88890786,276800,CURRENT,USD
ID787,BOS48558787,392354,SAVINGS,USD
ID788,BOS93416788,573951,CURRENT,SEK
ID789,BOS68001789,344681,SAVINGS,USD
ID790,BOS78822790,415655,CURRENT,SEK
ID791,BOS76568791,213231,CURRENT,INR
ID792,BOS95154792,134402,CURRENT,CHF
ID793,BOS38966793,41197,SAVINGS,CHF
ID794,BOS21983794,483544,CURRENT,CAD
ID795,BOS12477795,934816,CURRENT,GBP
ID796,BOS95432796,416205,CURRENT,SEK
ID797,BOS45535797,691678,CURRENT,HKD
ID798,BOS16697798,712940,CURRENT,USD
ID799,BOS51667799,144399,CURRENT,CHF
ID800,BOS10402800,964507,SAVINGS,SGD
ID801,BOS47377801,80041,CURRENT,SGD
ID802,BOS73972802,306397,SAVINGS,USD
ID803,BOS10145803,162448,CURRENT,AUD
ID804,BOS75936804,213980,CURRENT,SEK
ID805,BOS16873805,70604,CURRENT,SGD
ID806,BOS98827806,458447,SAVINGS,EUR
ID807,BOS59436807,547660,SAVINGS,CHF
ID808,BOS72118808,151989,SAVINGS,CAD
ID809,BOS23694809,495112,SAVINGS,CAD
ID810,BOS52087810,195673,SAVINGS,SGD
ID811,BOS71304811,206763,SAVINGS,GBP
ID812,BOS82625812,324882,SAVINGS,CAD
ID813,BOS5102813,298434,SAVINGS,CHF
ID814,BOS45088814,840455,SAVINGS,EUR
ID815,BOS45724815,187351,CURRENT,SEK
ID816,BOS33735816,341982,SAVINGS,GBP
ID817,BOS65076817,776496,SAVINGS,AUD
ID818,BOS6062818,68740,SAVINGS,SGD
ID819,BOS50466819,890372,CURRENT,EUR
ID820,BOS15129820,994804,SAVINGS,AUD
ID821,BOS29601821,607219,CURRENT,EUR
ID822,BOS77595822,588768,SAVINGS,HKD
ID823,BOS82730823,96547,CURRENT,CHF
ID824,BOS52909824,320561,SAVINGS,AUD
ID825,BOS49068825,522183,SAVINGS,AUD
ID826,BOS64169826,275203,CURRENT,GBP
ID827,BOS62753827,665016,SAVINGS,SEK
ID828,BOS23862828,884692,CURRENT,USD
ID829,BOS24721829,516344,SAVINGS,INR
ID830,BOS81623830,262759,SAVINGS,CHF
ID831,BOS13493831,849283,SAVINGS,INR
ID832,BOS68199832,53811,CURRENT,USD
ID833,BOS33398833,492739,SAVINGS,EUR
ID834,BOS71035834,899889,CURRENT,INR
ID835,BOS17970835,975706,CURRENT,GBP
ID836,BOS75170836,979967,CURRENT,EUR
ID837,BOS63122837,180193,SAVINGS,SGD
ID838,BOS12653838,295525,CURRENT,SEK
ID839,BOS19926839,435022,CURRENT,SEK
ID840,BOS77922840,82268,SAVINGS,CHF
ID841,BOS25418841,247196,CURRENT,USD
ID842,BOS12619842,536006,SAVINGS,SEK
ID843,BOS7397843,529315,CURRENT,GBP
ID844,BOS37847844,87155,SAVINGS,INR
ID845,BOS48596845,800274,SAVINGS,USD
ID846,BOS95831846,717566,CURRENT,EUR
ID847,BOS52029847,78569,CURRENT,GBP
ID848,BOS78351848,593485,CURRENT,SGD
ID849,BOS68746849,602014,CURRENT,EUR
ID850,BOS96779850,156640,CURRENT,GBP
ID851,BOS62458851,39364,SAVINGS,CHF
ID852,BOS53893852,976377,CURRENT,CAD
ID853,BOS88725853,882511,CURRENT,INR
ID854,BOS63216854,959171,SAVINGS,CHF
ID855,BOS1237855,160274,SAVINGS,USD
ID856,BOS53910856,639322,CURRENT,CAD
ID857,BOS27963857,203070,CURRENT,AUD
ID858,BOS1369858,776406,SAVINGS,AUD
ID859,BOS12960859,200945,SAVINGS,EUR
ID860,BOS26043860,966247,SAVINGS,HKD
ID861,BOS37148861,884864,CURRENT,CHF
ID862,BOS64634862,922399,SAVINGS,USD
ID863,BOS71096863,768738,SAVINGS,CAD
ID864,BOS45274864,412985,SAVINGS,SEK
ID865,BOS61021865,822763,SAVINGS,GBP
ID866,BOS17136866,254698,SAVINGS,EUR
ID867,BOS12330867,880407,SAVINGS,AUD
ID868,BOS9251868,543362,SAVINGS,GBP
ID869,BOS52228869,38140,SAVINGS,SGD
ID870,BOS59152870,513280,SAVINGS,SEK
ID871,BOS21730871,218971,CURRENT,GBP
ID872,BOS20796872,935162,CURRENT,INR
ID873,BOS56850873,959757,CURRENT,INR
ID874,BOS44635874,903444,CURRENT,SGD
ID875,BOS11657875,47775,SAVINGS,GBP
ID876,BOS87812876,693897,CURRENT,HKD
ID877,BOS86110877,656968,CURRENT,CHF
ID878,BOS18848878,605503,CURRENT,CAD
ID879,BOS49545879,842978,SAVINGS,GBP
ID880,BOS94541880,936852,SAVINGS,GBP
ID881,BOS72068881,935637,CURRENT,GBP
ID882,BOS41010882,72524,CURRENT,SEK
ID883,BOS71061883,295777,SAVINGS,GBP
ID884,BOS89270884,748116,SAVINGS,SEK
ID885,BOS71972885,865737,CURRENT,CAD
ID886,BOS60752886,530931,SAVINGS,CAD
ID887,BOS15166887,887337,SAVINGS,EUR
ID888,BOS57360888,767550,SAVINGS,SEK
ID889,BOS31250889,424585,SAVINGS,EUR
ID890,BOS4205890,123765,CURRENT,EUR
ID891,BOS58304891,288952,SAVINGS,USD
ID892,BOS90266892,417382,CURRENT,SEK
ID893,BOS86543893,812014,CURRENT,HKD
ID894,BOS69338894,913321,CURRENT,EUR
ID895,BOS5829895,35148,SAVINGS,INR
ID896,BOS4510896,725939,CURRENT,SGD
ID897,BOS87574897,395174,CURRENT,CAD
ID898,BOS88998898,848260,SAVINGS,GBP
ID899,BOS73922899,955762,CURRENT,SEK
ID900,BOS31810900,822201,CURRENT,SGD
ID901,BOS86350901,749216,SAVINGS,GBP
ID902,BOS91666902,670246,CURRENT,CHF
ID903,BOS13788903,546349,SAVINGS,SGD
ID904,BOS7048904,512964,CURRENT,EUR
ID905,BOS61405905,128643,SAVINGS,SEK
ID906,BOS82938906,84910,CURRENT,INR
ID907,BOS28631907,668662,SAVINGS,EUR
ID908,BOS18937908,882621,CURRENT,SEK
ID909,BOS84364909,819174,CURRENT,HKD
ID910,BOS54943910,124862,SAVINGS,AUD
ID911,BOS17320911,703068,CURRENT,SGD
ID912,BOS59927912,195407,CURRENT,USD
ID913,BOS88538913,128379,SAVINGS,USD
ID914,BOS60684914,246063,SAVINGS,HKD
ID915,BOS17280915,890530,SAVINGS,SGD
ID916,BOS14899916,722752,SAVINGS,EUR
ID917,BOS4275917,998420,SAVINGS,SEK
ID918,BOS41611918,711932,SAVINGS,USD
ID919,BOS32237919,53968,SAVINGS,AUD
ID920,BOS47361920,120144,SAVINGS,CAD
ID921,BOS20836921,187228,CURRENT,SEK
ID922,BOS31863922,633557,CURRENT,INR
ID923,BOS90917923,967336,SAVINGS,EUR
ID924,BOS52622924,259971,CURRENT,CHF
ID925,BOS9801925,444231,CURRENT,AUD
ID926,BOS57576926,925005,CURRENT,SEK
ID927,BOS50610927,235070,CURRENT,EUR
ID928,BOS50597928,77082,SAVINGS,INR
ID929,BOS40547929,712861,SAVINGS,SGD
ID930,BOS58098930,339262,CURRENT,INR
ID931,BOS73778931,143180,CURRENT,AUD
ID932,BOS83705932,456309,CURRENT,GBP
ID933,BOS32613933,632424,CURRENT,SGD
ID934,BOS81731934,119682,CURRENT,USD
ID935,BOS62741935,245973,SAVINGS,CHF
ID936,BOS51438936,578859,SAVINGS,SEK
ID937,BOS9022937,260973,SAVINGS,AUD
ID938,BOS33031938,841242,SAVINGS,SGD
ID939,BOS34165939,368817,CURRENT,EUR
ID940,BOS96931940,828765,CURRENT,SGD
ID941,BOS33515941,468626,CURRENT,SGD
ID942,BOS75591942,258288,CURRENT,AUD
ID943,BOS80738943,502104,SAVINGS,AUD
ID944,BOS28252944,8208,CURRENT,AUD
ID945,BOS21182945,130964,SAVINGS,EUR
ID946,BOS91696946,22179,CURRENT,GBP
ID947,BOS70808947,468236,CURRENT,HKD
ID948,BOS82732948,566975,CURRENT,USD
ID949,BOS27984949,65999,CURRENT,INR
ID950,BOS23086950,124843,CURRENT,SGD
ID951,BOS75888951,426755,SAVINGS,INR
ID952,BOS61259952,254494,SAVINGS,SEK
ID953,BOS46428953,214154,SAVINGS,INR
ID954,BOS94891954,886650,SAVINGS,SGD
ID955,BOS69824955,760603,SAVINGS,USD
ID956,BOS84113956,568777,SAVINGS,SGD
ID957,BOS32641957,48868,CURRENT,CHF
ID958,BOS79350958,349909,CURRENT,GBP
ID959,BOS36015959,216449,CURRENT,USD
ID960,BOS36448960,485732,CURRENT,USD
ID961,BOS19265961,869637,CURRENT,CHF
ID962,BOS45030962,508531,CURRENT,AUD
ID963,BOS34487963,85762,CURRENT,USD
ID964,BOS14846964,20658,SAVINGS,AUD
ID965,BOS59607965,961231,SAVINGS,SEK
ID966,BOS66362966,267485,SAVINGS,SEK
ID967,BOS14622967,776696,SAVINGS,SEK
ID968,BOS24422968,161586,CURRENT,AUD
ID969,BOS99506969,911462,SAVINGS,USD
ID970,BOS7977970,756375,CURRENT,SGD
ID971,BOS56138971,391902,CURRENT,AUD
ID972,BOS94285972,405951,CURRENT,AUD
ID973,BOS92605973,533487,SAVINGS,USD
ID974,BOS26531974,611572,CURRENT,HKD
ID975,BOS24468975,259187,CURRENT,GBP
ID976,BOS44074976,875747,CURRENT,EUR
ID977,BOS50725977,52456,CURRENT,INR
ID978,BOS19167978,243151,SAVINGS,USD
ID979,BOS46096979,195359,SAVINGS,EUR
ID980,BOS55173980,508945,CURRENT,EUR
ID981,BOS32403981,646294,CURRENT,CHF
ID982,BOS39827982,608287,CURRENT,AUD
ID983,BOS51352983,1779,CURRENT,CHF
ID984,BOS8574984,768494,CURRENT,HKD
ID985,BOS31781985,794446,CURRENT,CAD
ID986,BOS63347986,742532,SAVINGS,SEK
ID987,BOS99362987,244204,CURRENT,EUR
ID988,BOS26121988,391144,CURRENT,GBP
ID989,BOS70201989,40122,CURRENT,GBP
ID990,BOS13647990,914172,SAVINGS,USD
ID991,BOS25905991,466547,CURRENT,HKD
ID992,BOS33345992,898133,SAVINGS,INR
ID993,BOS96199993,876820,CURRENT,EUR
ID994,BOS78798994,478446,CURRENT,EUR
ID995,BOS77060995,493488,CURRENT,SGD
ID996,BOS44757996,554594,SAVINGS,EUR
ID997,BOS41306997,861687,CURRENT,SGD
ID998,BOS95689998,366251,SAVINGS,INR
ID999,BOS30305999,643263,SAVINGS,USD
ID1000,BOS25901000,349082,SAVINGS,GBP
